"id";"name";"age"
1;"ZCbtl";36
2;"ZCbtl";2
3;"ZCbtl";2
4;"ZCbtl";29
5;"ZCbtl";64
6;"ZCbtl";69
7;"ZCbtl";57
8;"ZCbtl";25
9;"ZCbtl";65
10;"ZCbtl";75
11;"ZCbtl";24
12;"ZCbtl";8
13;"ZCbtl";78
14;"ZCbtl";59
15;"ZCbtl";9
16;"ZCbtl";26
17;"ZCbtl";76
18;"ZCbtl";67
19;"ZCbtl";20
20;"ZCbtl";25
21;"ZCbtl";67
22;"ZCbtl";66
23;"ZCbtl";31
24;"ZCbtl";75
25;"ZCbtl";17
26;"ZCbtl";80
27;"ZCbtl";41
28;"ZCbtl";13
29;"ZCbtl";59
30;"ZCbtl";49
31;"ZCbtl";10
32;"ZCbtl";69
33;"ZCbtl";69
34;"ZCbtl";61
35;"ZCbtl";62
36;"ZCbtl";8
37;"ZCbtl";16
38;"ZCbtl";27
39;"ZCbtl";0
40;"ZCbtl";63
41;"ZCbtl";60
42;"ZCbtl";10
43;"ZCbtl";26
44;"ZCbtl";37
45;"ZCbtl";77
46;"ZCbtl";50
47;"ZCbtl";37
48;"ZCbtl";13
49;"ZCbtl";15
50;"ZCbtl";52
51;"ZCbtl";39
52;"ZCbtl";62
53;"ZCbtl";77
54;"ZCbtl";12
55;"ZCbtl";65
56;"ZCbtl";4
57;"ZCbtl";49
58;"ZCbtl";35
59;"ZCbtl";63
60;"ZCbtl";26
61;"ZCbtl";79
62;"ZCbtl";52
63;"ZCbtl";20
64;"ZCbtl";65
65;"ZCbtl";39
66;"ZCbtl";19
67;"ZCbtl";17
68;"ZCbtl";23
69;"ZCbtl";53
70;"ZCbtl";48
71;"ZCbtl";13
72;"ZCbtl";53
73;"ZCbtl";62
74;"ZCbtl";41
75;"ZCbtl";58
76;"ZCbtl";14
77;"ZCbtl";19
78;"ZCbtl";16
79;"ZCbtl";42
80;"ZCbtl";43
81;"ZCbtl";3
82;"ZCbtl";11
83;"ZCbtl";58
84;"ZCbtl";17
85;"ZCbtl";34
86;"ZCbtl";1
87;"ZCbtl";26
88;"ZCbtl";1
89;"ZCbtl";38
90;"ZCbtl";5
91;"ZCbtl";61
92;"ZCbtl";7
93;"ZCbtl";15
94;"ZCbtl";40
95;"ZCbtl";38
96;"ZCbtl";50
97;"ZCbtl";80
98;"ZCbtl";63
99;"ZCbtl";68
100;"ZCbtl";26
